[
    {
        "titulo": "Lost Records: Bloom & Rage é como uma festa que acabou cedo demais | Review",
        "descricao": "Clique para ler a notícia completa na IGN Brasil.",
        "link": "https://br.ign.com/lost-records-bloom-and-rage-tape-2/139360/review/lost-records-bloom-rage-e-como-uma-festa-que-acabou-cedo-demais",
        "imagem": "https://sm.ign.com/t/ign_br/slotter/6/61129/61129_c4mh.800.jpg",
        "fonte": "IGN Brasil",
        "timestamp": "2025-04-26T17:23:25.375392"
    },
    {
        "titulo": "Clair Obscur: Expedition 33 – Um novo clássico forjado na beleza do fim | Review",
        "descricao": "Clique para ler a notícia completa na IGN Brasil.",
        "link": "https://br.ign.com/clair-obscur-expedition-33/139278/review/clair-obscur-expedition-33-um-novo-classico-forjado-na-beleza-do-fim-review",
        "imagem": "https://sm.ign.com/t/ign_br/slotter/6/61021/61021_3kyp.800.jpg",
        "fonte": "IGN Brasil",
        "timestamp": "2025-04-26T17:23:25.375392"
    },
    {
        "titulo": "Fatal Fury: City of the Wolves é o mehor jogo da SNK desde The King of Fighters XIII | Review",
        "descricao": "Clique para ler a notícia completa na IGN Brasil.",
        "link": "https://br.ign.com/fatal-fury-city-of-the-wolves/139123/review/apoiado-em-otima-gameplay-fatal-fury-city-of-the-wolves-e-o-mehor-jogo-da-snk-desde-the-king-of-figh",
        "imagem": "https://sm.ign.com/t/ign_br/slotter/6/61131/61131_qfvs.800.jpg",
        "fonte": "IGN Brasil",
        "timestamp": "2025-04-26T17:23:25.375392"
    },
    {
        "titulo": "Nintendo revela preço e data de lançamento do Switch 2 no Brasil",
        "descricao": "Clique para ler a notícia completa na IGN Brasil.",
        "link": "https://br.ign.com/nintendo-switch-2/139291/news/nintendo-revela-preco-e-data-de-lancamento-do-switch-2-no-brasil",
        "imagem": "https://sm.ign.com/t/ign_br/slotter/6/61019/61019_fmx4.800.jpg",
        "fonte": "IGN Brasil",
        "timestamp": "2025-04-26T17:23:25.375392"
    },
    {
        "titulo": "\"Sempre esteve na nossa lista\", diretor e produtor de remaster de Onimusha 2 revelam que trazer clássico da Capcom para plataformas atuais era sonh...",
        "descricao": "Clique para ler a notícia completa na IGN Brasil.",
        "link": "https://br.ign.com/onimusha-2-samurais-destiny/139451/news/sempre-esteve-na-nossa-lista-interna-de-projetos-diretor-e-produtor-de-remaster-de-onimusha-2-revela",
        "imagem": "https://sm.ign.com/t/ign_br/screenshot/default/onimusha-2_7gma.320.jpg",
        "fonte": "IGN Brasil",
        "timestamp": "2025-04-26T17:23:25.375392"
    },
    {
        "titulo": "Clair Obscur: Expedition 33 supera Blue Prince e se torna jogo mais bem avaliado de 2025 no Metacritic",
        "descricao": "Clique para ler a notícia completa na IGN Brasil.",
        "link": "https://br.ign.com/clair-obscur-expedition-33/139419/news/clair-obscur-expedition-33-supera-blue-prince-e-se-torna-jogo-mais-bem-avaliado-de-2025-no-metacriti",
        "imagem": "https://sm.ign.com/t/ign_br/screenshot/default/clair-obscur_kymh.320.jpg",
        "fonte": "IGN Brasil",
        "timestamp": "2025-04-26T17:23:25.375392"
    },
    {
        "titulo": "Dune: Awakening terá beta aberto extenso no início de março",
        "descricao": "Clique para ler a notícia completa na IGN Brasil.",
        "link": "https://br.ign.com/dune-awakening/139415/news/dune-awakening-tera-beta-aberto-entre-9-e-12-de-maio",
        "imagem": "https://sm.ign.com/t/ign_br/screenshot/default/da-desertvista_jqhf.320.jpg",
        "fonte": "IGN Brasil",
        "timestamp": "2025-04-26T17:23:25.375392"
    },
    {
        "titulo": "Hideo Kojima escolheu Margaret Qualley para papel em Death Stranding após assistir a comercial bizarro estrelado pela atriz",
        "descricao": "Clique para ler a notícia completa na IGN Brasil.",
        "link": "https://br.ign.com/death-stranding-2/139402/news/hideo-kojima-escolheu-margaret-qualley-para-papel-em-death-stranding-apos-assistir-a-comercial-bizar",
        "imagem": "https://sm.ign.com/t/ign_br/news/h/hideo-koji/hideo-kojima-cast-margaret-qualley-in-death-stranding-after_9x5v.320.jpg",
        "fonte": "IGN Brasil",
        "timestamp": "2025-04-26T17:23:25.375392"
    },
    {
        "titulo": "A uma velocidade de 62.000 km/h, asteroide está se dirigindo à Terra e ameaça atingi-la em apenas 7 anos, criando cratera de 34 km de diâmetro",
        "descricao": "Clique para ler a notícia completa na IGN Brasil.",
        "link": "https://br.ign.com/espaco/139371/news/a-uma-velocidade-de-62000-kmh-asteroide-esta-se-dirigindo-a-terra-e-ameaca-atingi-la-em-apenas-7-ano",
        "imagem": "https://sm.ign.com/t/ign_br/screenshot/default/javier-miranda-syrnx7slhck-unsplash_9aaa.280.jpg",
        "fonte": "IGN Brasil",
        "timestamp": "2025-04-26T17:23:25.375392"
    },
    {
        "titulo": "Após 10 anos, ex-jogador de console muda para PC, monta máquina de mais de R$ 30 mil e enfia tudo em uma mesa barata e minúscula",
        "descricao": "Clique para ler a notícia completa na IGN Brasil.",
        "link": "https://br.ign.com/tech/139356/news/apos-10-anos-ex-jogador-de-console-muda-para-pc-monta-maquina-de-mais-de-r-30-mil-e-enfia-tudo-em-um",
        "imagem": "https://sm.ign.com/t/ign_br/screenshot/default/1200-800_49m5.280.jpg",
        "fonte": "IGN Brasil",
        "timestamp": "2025-04-26T17:23:25.375392"
    }
]